{
  "window_size": 4,
  "static_num_cols": [
    "Hveg",
    "lat_norm"
  ],
  "dynamic_cols": [
    "VOD_Ku_Hpol_Asc",
    "VOD_Ku_Vpol_Asc",
    "VOD_X_Hpol_Asc",
    "VOD_X_Vpol_Asc",
    "VOD_C_Hpol_Asc",
    "VOD_C_Vpol_Asc",
    "LAI",
    "LST",
    "doy_sin",
    "doy_cos"
  ],
  "cat_col": "lc_dom",
  "stats": {
    "static_mean": {
      "Hveg": 7.3150891109073735,
      "lat_norm": 0.442759858435183
    },
    "static_std": {
      "Hveg": 7.903203457909562,
      "lat_norm": 0.050696853017985676
    },
    "dynamic_mean": [
      0.7819355130195618,
      0.8742038011550903,
      0.6614433526992798,
      0.743056058883667,
      0.5711567401885986,
      0.5645408034324646,
      1.0861411094665527,
      304.825927734375,
      -0.11593633890151978,
      -0.5319023132324219
    ],
    "dynamic_std": [
      0.24335074424743652,
      0.381615549325943,
      0.2118590921163559,
      0.31618404388427734,
      0.17875701189041138,
      0.2537820637226105,
      0.91768479347229,
      10.770873069763184,
      0.6556206941604614,
      0.5232296586036682
    ]
  },
  "encoder": {
    "mapping": {
      "CRO": 0,
      "CSH": 1,
      "DBF": 2,
      "ENF": 3,
      "GRA": 4,
      "MF": 5,
      "OSH": 6,
      "SAV": 7,
      "WSA": 8
    },
    "unk_id": 9
  }
}