{
  "window_size": 4,
  "static_num_cols": [
    "Hveg",
    "lat_norm"
  ],
  "dynamic_cols": [
    "VOD_Ku_Hpol_Asc",
    "VOD_Ku_Vpol_Asc",
    "VOD_X_Hpol_Asc",
    "VOD_X_Vpol_Asc",
    "VOD_C_Hpol_Asc",
    "VOD_C_Vpol_Asc",
    "LAI",
    "LST",
    "doy_sin",
    "doy_cos"
  ],
  "cat_col": "lc_dom",
  "stats": {
    "static_mean": {
      "Hveg": 7.653073998149147,
      "lat_norm": 0.43513705747932185
    },
    "static_std": {
      "Hveg": 8.0469011840289,
      "lat_norm": 0.07526816904906819
    },
    "dynamic_mean": [
      0.8042877912521362,
      0.8909130096435547,
      0.6782465577125549,
      0.7629324197769165,
      0.5814010500907898,
      0.5756338238716125,
      1.1352282762527466,
      304.8545837402344,
      -0.11493509262800217,
      -0.5040789246559143
    ],
    "dynamic_std": [
      0.24302051961421967,
      0.3794013559818268,
      0.2149835228919983,
      0.32127195596694946,
      0.17715908586978912,
      0.24998140335083008,
      0.9524184465408325,
      10.67018985748291,
      0.661558210849762,
      0.5431777834892273
    ]
  },
  "encoder": {
    "mapping": {
      "CRO": 0,
      "CSH": 1,
      "DBF": 2,
      "EBF": 3,
      "ENF": 4,
      "GRA": 5,
      "MF": 6,
      "OSH": 7,
      "SAV": 8,
      "WSA": 9
    },
    "unk_id": 10
  }
}